City,Lat,Lng,Max Temp,Humidity,Cloudiness,Wind Speed,Country,Date
Pevek,69.7008,170.3133,19.67,92,100,2.82,RU,1634141246
Hobart,-42.8794,147.3294,53.26,82,90,3.44,AU,1634141054
New Norfolk,-42.7826,147.0587,52.92,70,100,2.44,AU,1634141141
Hambantota,6.1241,81.1185,80.94,83,0,8.05,LK,1634141269
Bra,44.703,7.8556,66.15,51,51,6.67,IT,1634141270
Hong Kong,22.2855,114.1577,82.38,90,69,11.01,HK,1634141230
Busselton,-33.65,115.3333,49.08,84,0,11.41,AU,1634141270
Jamestown,42.097,-79.2353,69.12,76,90,10.0,US,1634141166
Cape Town,-33.9258,18.4232,70.12,58,100,12.5,ZA,1634141142
Sukumo,32.9333,132.7333,71.35,94,14,2.84,JP,1634141270
Rikitea,-23.1203,-134.9692,74.07,76,98,7.05,PF,1634141138
Dikson,73.5069,80.5464,27.23,90,100,27.76,RU,1634140966
Torbay,47.6666,-52.7314,47.57,93,75,16.11,CA,1634141133
Atakpamé,7.5333,1.1333,88.2,58,47,4.65,TG,1634141271
Pāli,25.7667,73.3333,85.05,32,0,1.92,IN,1634141271
Verāval,20.9,70.3667,84.92,71,1,2.06,IN,1634141272
Mahébourg,-20.4081,57.7,74.25,78,36,7.61,MU,1634141272
Ushuaia,-54.8,-68.3,51.46,50,40,13.8,AR,1634141272
Punta Arenas,-53.15,-70.9167,50.11,50,40,28.77,CL,1634141140
Aden,12.7794,45.0367,86.2,64,49,11.14,YE,1634140985
Tiksi,71.6872,128.8694,19.13,91,96,12.64,RU,1634141273
Avarua,-21.2078,-159.775,75.25,73,20,10.36,CK,1634141149
Wageningen,51.97,5.6667,56.84,82,90,4.61,NL,1634141273
Yumen,40.2833,97.2,44.96,35,1,12.62,CN,1634141274
Nanortalik,60.1432,-45.2371,43.66,65,46,3.65,GL,1634141247
Ponta do Sol,32.6667,-17.1,75.83,73,63,1.86,PT,1634141274
Cap-aux-Meules,47.3821,-61.8597,54.61,75,100,1.61,CA,1634141274
Aripuanã,-9.1667,-60.6333,98.91,34,33,4.45,BR,1634141275
Nueve de Julio,-35.4444,-60.8831,62.71,74,100,4.0,AR,1634141275
Saskylakh,71.9167,114.0833,5.79,98,93,5.32,RU,1634141275
Albany,42.6001,-73.9662,68.74,83,1,1.16,US,1634141029
Fuerte Olimpo,-21.0415,-57.8738,102.76,30,39,13.87,PY,1634141276
Poum,-20.2333,164.0167,73.13,82,57,14.03,NC,1634141260
Kapaa,22.0752,-159.319,78.78,81,88,1.01,US,1634141276
La Palma,33.8464,-118.0467,67.82,44,1,1.99,US,1634141277
Mar del Plata,-38.0023,-57.5575,62.62,61,90,5.99,AR,1634141277
Smithers,54.7804,-127.1743,34.86,88,100,2.66,CA,1634140978
Huaiyuan,32.973,117.1995,67.8,83,96,9.15,CN,1634141277
Butaritari,3.0707,172.7902,80.69,71,0,10.09,KI,1634141278
Hermanus,-34.4187,19.2345,69.91,74,100,5.37,ZA,1634141278
São João da Barra,-21.6403,-41.0511,77.09,76,15,9.6,BR,1634141278
Mil'kovo,54.7167,158.6167,33.73,64,40,8.32,RU,1634141278
Tuktoyaktuk,69.4541,-133.0374,30.27,97,100,16.17,CA,1634141279
Kargasok,59.0556,80.8572,30.6,75,100,6.67,RU,1634141279
Nikolskoye,59.7035,30.7861,47.39,89,76,4.47,RU,1634141279
Naze,28.3667,129.4833,76.6,77,74,12.77,JP,1634141280
Yellowknife,62.456,-114.3525,45.41,82,100,14.97,CA,1634141280
Bluff,-46.6,168.3333,46.92,77,100,6.2,NZ,1634141280
Rio de Janeiro,-22.9028,-43.2075,82.31,65,40,10.36,BR,1634141281
Mataura,-46.1927,168.8643,41.32,82,100,1.79,NZ,1634141281
Cherskiy,68.75,161.3,-7.38,93,67,1.99,RU,1634141281
Marabu,4.4148,114.0089,79.88,86,100,1.12,MY,1634141282
Bengkulu,-3.8004,102.2655,75.99,93,100,3.89,ID,1634141283
Kruisfontein,-34.0033,24.7314,65.88,60,99,4.21,ZA,1634141283
Luan,46.3592,6.9759,48.69,74,41,1.99,CH,1634141283
Chokurdakh,70.6333,147.9167,15.4,96,100,6.8,RU,1634141232
Lebu,-37.6167,-73.65,56.64,73,93,17.78,CL,1634141284
Bethel,41.3712,-73.414,70.93,81,90,6.91,US,1634141240
Harper,4.375,-7.7169,82.44,75,45,9.75,LR,1634141285
Deputatsky,69.3,139.9,16.18,94,100,4.43,RU,1634141213
Mount Gambier,-37.8333,140.7667,40.91,93,94,5.75,AU,1634141286
Derzhavīnsk,51.1,66.3167,46.53,57,97,2.48,KZ,1634141286
Barrow,71.2906,-156.7887,28.42,86,90,21.85,US,1634141287
Numan,9.4667,12.0333,94.5,38,0,1.7,NG,1634141287
Bandarbeyla,9.4942,50.8122,79.52,82,42,12.88,SO,1634141288
Acaraú,-2.8856,-40.12,88.11,53,70,20.92,BR,1634141288
Esperance,-33.8667,121.9,55.49,71,100,12.66,AU,1634141288
Puerto Ayora,-0.7393,-90.3518,70.56,79,91,11.03,EC,1634141203
Hofn,64.2539,-15.2082,44.62,57,75,25.32,IS,1634141289
Ishigaki,24.3448,124.1572,82.29,82,100,19.98,JP,1634141289
Atuona,-9.8,-139.0333,76.59,79,43,17.74,PF,1634141289
Pisco,-13.7,-76.2167,65.01,82,90,6.91,PE,1634141106
Pangai,-19.8,-174.35,73.81,56,97,2.82,TO,1634141290
Mount Isa,-20.7333,139.5,73.17,49,40,6.91,AU,1634141290
Roebourne,-20.7833,117.1333,75.45,46,5,1.99,AU,1634141291
Hasaki,35.7333,140.8333,61.29,83,100,16.8,JP,1634141291
Lakes Entrance,-37.8811,147.981,58.15,86,92,14.99,AU,1634141291
Katsuura,35.1333,140.3,65.19,88,100,15.7,JP,1634141291
Ugoofaaru,5.6667,73.0,82.72,80,62,18.86,MV,1634141292
Abhar,36.1468,49.218,65.43,23,17,2.95,IR,1634141292
Bayevo,53.2833,80.7667,39.04,91,100,5.21,RU,1634141292
Simpang,-1.2667,104.0833,75.63,95,70,3.18,ID,1634141293
Saldanha,-33.0117,17.9442,63.7,78,99,17.22,ZA,1634141293
Presidencia Roque Sáenz Peña,-26.7852,-60.4388,90.97,37,77,10.87,AR,1634141293
Ampanihy,-24.7,44.75,76.51,43,0,8.55,MG,1634141294
Eirunepé,-6.6603,-69.8736,97.29,38,53,4.16,BR,1634141294
Wukari,7.85,9.7833,89.17,59,28,7.38,NG,1634141294
Nantucket,41.2835,-70.0995,73.62,70,1,5.75,US,1634141014
Itoman,26.1247,127.6694,81.37,80,75,5.75,JP,1634141295
Bredasdorp,-34.5322,20.0403,65.28,67,99,5.73,ZA,1634141150
Lanzhou,36.0564,103.7922,50.29,32,100,7.02,CN,1634141295
Ancud,-41.8697,-73.8203,51.33,88,100,22.66,CL,1634141296
Faanui,-16.4833,-151.75,79.92,77,100,8.79,PF,1634141181
Alofi,-19.0595,-169.9187,73.53,65,8,7.96,NU,1634141296
Kaitangata,-46.2817,169.8464,42.82,84,100,6.13,NZ,1634141296
Saint-Philippe,-21.3585,55.7679,74.79,87,52,8.16,RE,1634141297
Geraldton,-28.7667,114.6,54.12,82,3,5.75,AU,1634141297
Marzuq,14.4,46.4667,81.48,31,62,3.67,YE,1634141297
Cayenne,4.9333,-52.3333,91.44,74,75,5.01,GF,1634141098
Vaini,-21.2,-175.2,60.96,100,40,2.3,TO,1634141298
Lavrentiya,65.5833,-171.0,28.29,80,100,8.81,RU,1634141298
Hithadhoo,-0.6,73.0833,83.19,76,80,18.75,MV,1634141298
Knysna,-34.0363,23.0471,67.55,60,99,3.71,ZA,1634141299
Chkalovskoye,44.8392,133.0436,51.35,66,100,9.84,RU,1634141299
Saint George,37.1041,-113.5841,52.36,65,1,1.01,US,1634141127
Abomsa,9.9833,39.9833,77.16,36,99,4.7,ET,1634141299
Areosa,41.7178,-8.8571,82.96,43,0,7.0,PT,1634141300
Laguna,38.421,-121.4238,59.59,45,90,3.0,US,1634141300
Clyde River,70.4692,-68.5914,32.31,90,99,3.74,CA,1634141257
Barvikha,55.74,37.27,54.36,71,0,6.71,RU,1634141300
Quang Ngai,15.1167,108.8,75.72,89,100,3.83,VN,1634141301
Port Alfred,-33.5906,26.891,68.36,78,93,9.95,ZA,1634141071
Tashtagol,52.7657,87.8894,30.2,95,100,1.59,RU,1634141301
Chiredzi,-21.05,31.6667,82.81,13,0,5.91,ZW,1634141301
Talnakh,69.4865,88.3972,18.01,95,100,11.12,RU,1634141302
Burnie,-41.0667,145.9167,51.94,90,100,20.38,AU,1634141302
Ribeira Grande,38.5167,-28.7,73.8,73,75,12.66,PT,1634141302
Ternate,0.8,127.4,81.97,78,56,2.84,ID,1634141303
Zhigansk,66.7697,123.3711,12.96,97,98,8.08,RU,1634141303
Lázaro Cárdenas,17.9583,-102.2,83.62,76,60,1.19,MX,1634141303
Saint Paul Harbor,57.79,-152.4072,43.36,82,96,4.63,US,1634141155
Henties Bay,-22.116,14.2845,61.86,82,35,10.18,NA,1634141304
Kvarkeno,52.0833,59.725,48.54,53,1,4.09,RU,1634141304
Vitim,59.4511,112.5578,23.32,63,100,1.61,RU,1634141304
Cidreira,-30.1811,-50.2056,71.49,78,99,16.46,BR,1634141305
Road Town,18.4167,-64.6167,85.19,79,20,12.66,VG,1634141211
Lagoa,39.05,-27.9833,70.25,70,39,6.4,PT,1634141305
Port Elizabeth,-33.918,25.5701,68.09,78,92,5.61,ZA,1634141306
Tasiilaq,65.6145,-37.6368,37.56,56,19,1.21,GL,1634141306
Aksarka,66.5606,67.7975,32.25,92,96,7.92,RU,1634141306
Arraial do Cabo,-22.9661,-42.0278,75.06,78,40,23.02,BR,1634141306
Tomohon,1.3346,124.8392,68.94,91,100,1.63,ID,1634141307
Tongzi,28.7829,105.0877,63.91,88,100,1.81,CN,1634141307
Qaanaaq,77.484,-69.3632,30.76,85,100,5.64,GL,1634141170
Noumea,-22.2763,166.4572,73.0,99,12,6.13,NC,1634141308
Meulaboh,4.1363,96.1285,78.08,84,58,1.1,ID,1634141308
Lüderitz,-26.6481,15.1594,61.39,81,57,5.26,NA,1634141308
Bambous Virieux,-20.3428,57.7575,74.21,78,41,7.38,MU,1634141309
Baft,29.234,56.6057,61.48,17,0,5.59,IR,1634141309
Rumoi,43.9344,141.6428,49.98,89,3,6.69,JP,1634141309
São Gabriel da Cachoeira,-0.1303,-67.0892,94.84,45,20,2.17,BR,1634141309
George Town,5.4112,100.3354,82.33,74,72,2.3,MY,1634141310
Gamba,-2.65,10.0,80.13,77,66,10.85,GA,1634141310
Lengshuijiang,27.6881,111.4294,60.24,76,100,2.98,CN,1634141310
Kargil,34.5667,76.1,45.18,29,5,6.69,IN,1634141311
Fairbanks,64.8378,-147.7164,30.16,79,90,0.0,US,1634141311
Khatanga,71.9667,102.5,4.95,98,97,7.09,RU,1634141311
Scarborough,54.2797,-0.4044,59.52,79,98,1.01,GB,1634141051
Longyearbyen,78.2186,15.6401,30.04,69,75,10.36,SJ,1634141236
Asaba,6.2006,6.7338,77.56,90,94,8.75,NG,1634141312
Kismayo,-0.3582,42.5454,77.45,78,100,13.8,SO,1634141312
Jacmel,18.2342,-72.5347,82.24,68,65,5.88,HT,1634141313
Uniontown,39.9001,-79.7164,71.83,47,97,6.42,US,1634141313
Raja,8.4596,25.678,74.34,86,98,0.67,SS,1634141313
Ahipara,-35.1667,173.1667,49.98,79,4,9.06,NZ,1634141314
Khartoum,15.5518,32.5324,91.02,46,88,16.26,SD,1634141211
Pallisa,1.145,33.7094,71.06,73,15,2.35,UG,1634141314
Tartous,34.889,35.8866,75.42,62,85,5.99,SY,1634141314
Belomorsk,64.5232,34.7668,43.07,91,100,2.95,RU,1634141315
San Carlos del Zulia,9.0,-71.9135,91.78,55,24,5.17,VE,1634141315
Kwinana,-32.25,115.7667,58.14,76,0,9.04,AU,1634141315
Provideniya,64.3833,-173.3,25.3,82,45,5.55,RU,1634141316
Safidon,29.4167,76.6667,77.59,29,0,6.96,IN,1634141316
Ndjolé,-0.1783,10.7649,79.81,92,76,3.29,GA,1634141316
Sarajevo,43.8486,18.3564,42.71,86,90,10.0,BA,1634141228
Buala,-8.145,159.5921,79.7,80,48,2.06,SB,1634141317
Bathsheba,13.2167,-59.5167,90.21,66,40,20.71,BB,1634141317
Abu Kamal,34.4506,40.9171,82.24,35,100,9.24,SY,1634141317
Turbat,26.0023,63.044,83.89,7,0,19.35,PK,1634141318
Hilo,19.7297,-155.09,73.13,95,90,4.61,US,1634141135
Olafsvik,64.8945,-23.7142,40.19,68,78,26.08,IS,1634141318
Arrondissement du Havre,49.5833,0.3333,61.57,72,0,6.91,FR,1634141318
Isangel,-19.55,169.2667,74.62,93,98,13.53,VU,1634141319
Dicabisagan,17.0818,122.4157,78.69,92,100,0.43,PH,1634141319
Avera,33.194,-82.5271,78.67,58,40,5.59,US,1634141319
Iqaluit,63.7506,-68.5145,38.7,69,39,10.0,CA,1634141320
Kiama,-34.6833,150.8667,62.46,88,100,11.99,AU,1634141320
Assiniboia,49.6334,-105.9845,35.22,90,100,6.64,CA,1634141320
La Ronge,55.1001,-105.2842,37.96,69,0,6.91,CA,1634141321
Cairns,-16.9167,145.7667,75.07,92,75,1.14,AU,1634141321
Hornepayne,49.2138,-84.7705,49.46,97,100,7.63,CA,1634141321
Hamilton,39.1834,-84.5333,74.39,72,1,1.01,US,1634141040
Ulladulla,-35.35,150.4667,62.1,95,100,12.3,AU,1634141322
Leiyang,26.4024,112.8591,61.43,78,100,6.08,CN,1634141322
Suntar,62.1444,117.6319,22.23,68,44,5.57,RU,1634141322
Nemuro,43.3236,145.575,53.8,71,68,9.01,JP,1634141323
Vila Franca do Campo,37.7167,-25.4333,72.01,70,100,7.11,PT,1634141323
Tuatapere,-46.1333,167.6833,40.06,82,82,2.15,NZ,1634141323
Jalu,29.0331,21.5482,80.94,33,0,8.1,LY,1634141323
Port Lincoln,-34.7333,135.8667,49.05,88,77,11.54,AU,1634141324
Matamoros,25.5333,-103.25,64.51,100,90,5.75,MX,1634141324
Ginir,7.1333,40.7,62.11,79,95,4.03,ET,1634141324
Thompson,55.7435,-97.8558,42.67,79,99,7.9,CA,1634141325
Umeå,63.8284,20.2597,37.9,81,0,2.3,SE,1634141325
Illela,13.7292,5.2975,101.16,11,2,3.27,NG,1634141325
Santa Fe,-31.6333,-60.7,62.74,96,100,1.01,AR,1634141326
Kitimat,54.0524,-128.6534,43.92,28,100,4.5,CA,1634141326
Camacha,33.0833,-16.3333,72.36,60,20,9.22,PT,1634141326
Necochea,-38.5473,-58.7368,64.04,76,100,3.42,AR,1634141327
Castro,-24.7911,-50.0119,75.65,50,12,3.4,BR,1634141327
Mokhsogollokh,61.4681,128.9203,15.42,97,37,3.44,RU,1634141328
Novy Urengoy,66.0833,76.6333,31.66,98,100,14.65,RU,1634141199
Tura,25.5198,90.2201,75.54,85,8,3.53,IN,1634141329
Port Blair,11.6667,92.75,81.1,86,100,12.44,IN,1634141220
Carnarvon,-24.8667,113.6333,64.47,82,0,12.66,AU,1634141329
Iglino,54.8324,56.4126,42.89,61,27,4.5,RU,1634141330
Aykhal,66.0,111.5,12.42,96,98,7.61,RU,1634141330
Borovskoy,53.8,64.15,47.14,63,16,2.62,KZ,1634141331
Kailua,21.4022,-157.7394,78.78,76,75,12.66,US,1634141331
Kudahuvadhoo,2.6708,72.8944,83.14,77,75,17.63,MV,1634141331
Fort Nelson,58.8053,-122.7002,33.98,66,74,2.71,CA,1634141047
Pitimbu,-7.4706,-34.8086,88.39,62,96,11.77,BR,1634141332
Kahului,20.8947,-156.47,76.26,94,75,17.27,US,1634141146
Marrakesh,31.6315,-8.0083,82.47,44,40,4.61,MA,1634141332
Narsaq,60.9167,-46.05,41.22,49,1,1.74,GL,1634141332
Chui,-33.6971,-53.4616,71.87,67,100,6.76,UY,1634141333
Kolokani,13.5728,-8.0339,88.72,43,51,11.39,ML,1634141333
Mossamedes,-15.1961,12.1522,69.28,80,31,13.24,AO,1634141333
Atar,20.5169,-13.0499,103.86,8,81,7.92,MR,1634141334
Batagay-Alyta,67.8006,130.4114,14.99,92,99,4.32,RU,1634141334
Cabedelo,-6.9811,-34.8339,88.47,62,85,12.48,BR,1634141041
Pingliang,35.5392,106.6861,47.64,55,100,7.94,CN,1634141335
Yulara,-25.2406,130.9889,60.64,25,0,11.5,AU,1634141335
Niquero,20.0431,-77.5828,84.76,69,30,3.98,CU,1634141335
Salinópolis,-0.6136,-47.3561,85.23,64,92,11.74,BR,1634141179
Souillac,-20.5167,57.5167,74.35,80,40,7.81,MU,1634141247
Moyale,3.5167,39.0584,77.18,47,95,13.02,KE,1634141336
Sahuaripa,29.05,-109.2333,73.22,57,17,0.67,MX,1634141336
Margate,51.3813,1.3862,62.91,70,66,1.99,GB,1634141336
Yanam,16.7333,82.2167,84.6,90,100,2.13,IN,1634141337
Port Augusta,-32.5,137.7667,53.74,62,29,10.83,AU,1634141337
‘Āhuimanu,21.4447,-157.8378,78.51,75,75,12.66,US,1634141337
Hervey Bay,-25.2986,152.8535,74.03,86,65,9.86,AU,1634141338
San Cristobal,7.7669,-72.225,84.38,40,8,6.31,VE,1634141338
Faya,18.3851,42.4509,70.32,22,93,7.2,SA,1634141338
Guerrero Negro,27.9769,-114.0611,68.4,47,0,3.24,MX,1634141339
Asău,46.4333,26.4,49.39,67,100,3.06,RO,1634141339
Salalah,17.0151,54.0924,80.69,78,0,3.44,OM,1634141122
San Patricio,28.017,-97.5169,89.02,59,50,21.05,US,1634141340
Norman Wells,65.282,-126.8329,22.3,97,91,4.0,CA,1634141233
Kokopo,-4.352,152.2633,78.28,82,100,3.65,PG,1634141340
Inzer,54.2167,57.5556,46.78,77,19,2.24,RU,1634141340
Nizhniy Kuranakh,58.8353,125.4869,19.13,86,96,2.17,RU,1634141341
Corn Island,12.1694,-83.0418,82.56,70,6,2.64,NI,1634141341
Isla Mujeres,21.2311,-86.731,86.16,62,22,6.96,MX,1634141342
San Vicente de Cañete,-13.0751,-76.3835,67.37,73,79,8.16,PE,1634141343
Nikol'sk,53.7189,46.0712,51.67,47,56,12.84,RU,1634141343
Leningradskiy,69.3833,178.4167,15.03,97,94,5.37,RU,1634141210
Samagaltay,50.6022,95.0047,22.91,81,50,5.39,RU,1634141344
Andenes,69.3143,16.1194,37.38,81,75,9.22,NO,1634141245
Belaya Rechka,43.4381,43.535,50.43,94,90,6.71,RU,1634141344
Verkhovazh'ye,60.7472,42.0465,45.95,86,100,11.5,RU,1634141344
Padang,-0.9492,100.3543,77.05,85,92,1.66,ID,1634141345
Codrington,-38.2667,141.9667,46.33,96,100,6.82,AU,1634141345
Nome,64.5011,-165.4064,32.07,86,90,0.0,US,1634141345
Ulaangom,49.9811,92.0667,34.9,55,48,4.29,MN,1634141346
Miranda,3.2499,-76.2281,83.64,68,62,3.91,CO,1634141346
Merke,42.8728,73.1786,47.61,44,0,2.59,KZ,1634141346
Quatre Cocos,-20.2078,57.7625,74.08,78,59,7.54,MU,1634141347
Samarai,-10.6167,150.6667,79.79,85,71,7.52,PG,1634141347
Baker City,44.7749,-117.8344,37.6,53,90,0.0,US,1634141322
Marawi,7.9986,124.2928,67.64,95,99,1.74,PH,1634141347
College,64.8569,-147.8028,30.15,78,90,5.75,US,1634141082
Malanje,-9.5402,16.341,82.47,39,87,6.38,AO,1634141348
Krasnooktyabrskiy,44.9328,38.3712,63.09,87,13,7.0,RU,1634141348
Oriximiná,-1.7656,-55.8661,100.0,30,13,4.05,BR,1634141238
Ngama,11.7833,17.1667,97.36,18,73,7.58,TD,1634141348
Socorro,31.6546,-106.3033,62.46,25,1,6.91,US,1634141063
Thanh Hoa,19.8,105.7667,71.2,91,100,18.39,VN,1634141349
Nishihara,26.1842,127.7558,80.65,81,75,10.36,JP,1634141349
Okhotsk,59.3833,143.3,19.71,70,0,16.49,RU,1634141350
Shawville,45.6001,-76.4827,68.79,87,99,4.85,CA,1634141350
Pangnirtung,66.1451,-65.7125,35.6,87,90,16.11,CA,1634141298
Aklavik,68.2191,-135.0107,28.4,86,90,16.11,CA,1634141230
Almaznyy,48.0448,40.045,57.34,51,100,17.6,RU,1634141350
Dawei,14.0833,98.2,76.17,96,100,2.3,MM,1634141351
St. Marys,30.7305,-81.5465,86.13,75,90,10.0,US,1634141351
Omboué,-1.5746,9.2618,80.42,80,83,11.68,GA,1634141351
Gewanē,10.1664,40.6453,93.42,23,80,9.95,ET,1634141352
Pauini,-7.7136,-66.9764,92.64,46,94,4.99,BR,1634141352
Bucerías,20.75,-105.3333,86.99,74,90,5.75,MX,1634141352
Lagos,6.5833,3.75,85.8,72,56,7.72,NG,1634140984
Warrington,53.3925,-2.5802,57.36,90,75,3.0,GB,1634141353
Jatiroto,-7.8833,111.1167,73.9,82,57,4.29,ID,1634141286
Vilcún,-38.65,-72.2333,56.14,63,94,11.81,CL,1634141353
Kapoeta,4.7717,33.5903,80.82,59,99,9.86,SS,1634141354
Upernavik,72.7868,-56.1549,36.63,70,100,5.44,GL,1634141354
Prince Rupert,54.3161,-130.3201,43.63,89,100,11.68,CA,1634141354
Cabo San Lucas,22.8909,-109.9124,83.61,77,40,10.0,MX,1634141150
Labuhan,-6.8844,112.2051,80.06,71,73,8.52,ID,1634141135
Kavieng,-2.5744,150.7967,82.26,74,98,11.74,PG,1634141279
Rocha,-34.4833,-54.3333,74.03,65,100,8.5,UY,1634141355
Coquimbo,-29.9533,-71.3436,65.93,52,0,11.5,CL,1634141235
Oktyabr'skiy,54.4815,53.471,48.94,57,100,5.3,RU,1634141355
Mastic Beach,40.7668,-72.8521,72.41,78,40,5.99,US,1634141356
Airai,-8.9266,125.4092,62.94,90,75,1.3,TL,1634141356
Kisangani,0.5167,25.2,75.54,78,100,3.09,CD,1634141356
Banjar,-8.19,114.9675,76.91,89,79,7.11,ID,1634141357
Marietta,33.9526,-84.5499,79.0,77,27,2.39,US,1634140659
Poronaysk,49.2167,143.1167,47.59,87,100,9.35,RU,1634141357
West Bay,19.3667,-81.4167,89.08,72,4,1.99,KY,1634141357
Nur,52.6683,22.3221,44.6,79,39,5.88,PL,1634141358
Mehamn,71.0357,27.8492,39.38,67,71,26.46,NO,1634141316
Husavik,66.0449,-17.3389,36.37,96,100,16.62,IS,1634141358
Unity,52.4501,-109.1682,35.26,62,31,10.78,CA,1634141358
East London,-33.0153,27.9116,69.75,77,100,10.65,ZA,1634141188
Teya,60.3778,92.6267,23.38,78,77,1.72,RU,1634141359
Beloha,-25.1667,45.05,71.29,69,0,11.36,MG,1634141359
Port Hardy,50.6996,-127.4199,43.63,83,100,7.58,CA,1634141360
Carthage,36.8611,10.3316,72.93,46,40,17.27,TN,1634141183
Voh,-20.9667,164.7,67.78,94,32,4.88,NC,1634141360
Maragogi,-9.0122,-35.2225,82.62,64,75,11.83,BR,1634141360
Wagar,16.1525,36.2032,94.51,29,63,6.87,SD,1634141361
Lodja,-3.4833,23.4333,81.91,60,53,2.3,CD,1634141361
Lompoc,34.6391,-120.4579,67.14,62,1,5.01,US,1634141299
Forsytheganj,52.6333,29.7333,44.8,73,100,5.08,BY,1634141361
Havøysund,70.9963,24.6622,39.43,67,98,31.03,NO,1634141295
Aromashevo,56.8602,68.6375,43.27,88,28,5.88,RU,1634141362
Strezhevoy,60.7333,77.5889,33.78,98,100,8.68,RU,1634141362
Nālūt,30.3333,10.85,83.28,20,37,10.22,LY,1634141362
Vestmanna,62.1564,-7.1664,50.92,100,90,23.02,FO,1634141363
Ilulissat,69.2167,-51.1,44.62,36,75,8.05,GL,1634141363
Trelew,-43.249,-65.3051,74.01,19,76,9.8,AR,1634141363
Panama City,8.9936,-79.5197,87.17,71,36,1.99,PA,1634140869
Ngozi,-2.9075,29.8306,71.38,42,98,1.43,BI,1634141364
Vila Velha,-20.3297,-40.2925,80.55,65,20,12.66,BR,1634141092
Taree,-31.9,152.4667,63.34,82,90,10.36,AU,1634141364
Atambua,-9.1061,124.8925,76.33,85,96,1.28,ID,1634141364
Agüimes,27.9054,-15.4461,73.0,65,20,24.16,ES,1634141365
Silveira,39.1112,-9.3643,83.37,45,1,1.01,PT,1634141365
Zhanakorgan,43.9098,67.2495,53.69,24,0,12.93,KZ,1634141365
La Asuncion,11.0333,-63.8628,84.81,69,46,7.58,VE,1634141366
Shelburne,44.0787,-80.2041,66.76,82,99,8.61,CA,1634141366
Kalabo,-14.97,22.6814,90.28,9,100,3.56,ZM,1634141366
Gambiran,-6.7988,111.4951,78.3,68,67,4.92,ID,1634141367
Pudozh,61.8099,36.5345,43.5,93,100,6.6,RU,1634141367
Zarubino,42.63,131.0922,57.65,68,99,7.47,RU,1634141367
Burdur,37.7203,30.2908,61.5,51,40,16.11,TR,1634141367
Sola,-13.8833,167.55,80.74,73,89,8.57,VU,1634141368
Inuvik,68.3499,-133.7218,28.44,97,100,9.73,CA,1634141368
Williamsburg,37.2707,-76.7075,73.45,80,75,0.0,US,1634141083
Båtsfjord,70.6345,29.7185,39.42,80,0,17.27,NO,1634141368
Leshukonskoye,64.8989,45.7622,42.93,87,100,7.09,RU,1634141369
Sipacapa,15.2,-91.6667,70.45,57,69,2.08,GT,1634141369
Tripoli,32.8752,13.1875,80.67,41,68,7.49,LY,1634141369
Augusto Corrêa,-1.0217,-46.635,89.55,50,58,9.6,BR,1634141370
French Harbor,16.35,-86.4333,91.4,83,40,1.99,HN,1634141370
Okha,53.5739,142.9478,37.53,87,100,15.17,RU,1634141370
Limbang,4.75,115.0,82.51,92,94,1.34,MY,1634141371
Luanda,-8.8368,13.2343,76.84,77,64,18.3,AO,1634141348
Haines Junction,60.7522,-137.5108,30.72,93,100,2.08,CA,1634141371
Fort Abbas,29.1925,72.8536,84.51,14,0,8.97,PK,1634141371
Blind River,46.1834,-82.9582,62.85,87,98,3.53,CA,1634141372
Severo-Kuril'sk,50.6789,156.125,46.02,88,100,15.23,RU,1634141372
Loja,-3.9931,-79.2042,78.24,35,86,4.61,EC,1634141281
Hualmay,-11.0964,-77.6139,66.76,73,94,8.95,PE,1634141372
Kumul,42.8,93.45,47.41,33,23,11.77,CN,1634141373
Luganville,-15.5333,167.1667,77.59,84,69,2.1,VU,1634141373
Chanute,37.6792,-95.4572,66.42,88,1,8.05,US,1634141373
Taoudenni,22.6783,-3.9836,104.92,6,2,1.97,ML,1634141259
São Filipe,14.8961,-24.4956,80.28,69,85,16.06,CV,1634141239
Tiznit Province,29.5833,-9.5,69.28,56,24,10.47,MA,1634141374
Mazatlán,23.2167,-106.4167,79.02,98,90,2.3,MX,1634141165
Te Anau,-45.4167,167.7167,32.07,94,20,0.96,NZ,1634141374
Tessalit,20.1986,1.0114,97.97,6,53,20.02,ML,1634141375
Tsumeb,-19.2333,17.7167,92.14,9,0,9.42,NA,1634141375
Ţahţā,26.7693,31.5021,91.11,20,50,9.91,EG,1634141375
Khani,41.9563,42.9566,54.97,54,5,4.76,GE,1634141376
Makīnsk,52.6292,70.4169,40.89,76,100,4.41,KZ,1634141376
Klyuchi,52.2667,79.1667,40.3,78,98,5.44,RU,1634141376
Yeppoon,-23.1333,150.7333,74.98,92,1,9.84,AU,1634141377
Gaza,31.5,34.4667,79.92,65,2,17.9,PS,1634141377
Ambilobe,-13.2,49.05,78.42,69,38,3.96,MG,1634141377
Krasnyy Yar,46.5331,48.3456,55.33,42,63,18.41,RU,1634141378
Whitehorse,60.7161,-135.0538,37.02,76,100,15.01,CA,1634141378
Lorengau,-2.0226,147.2712,82.47,78,100,8.57,PG,1634141378
Kirakira,-10.4544,161.9205,78.4,81,14,0.72,SB,1634141379
Mergen,49.1833,125.2167,43.74,92,8,11.63,CN,1634141379
Ohafia,5.6167,7.8333,76.48,90,99,7.02,NG,1634141379
Midland,31.9974,-102.0779,65.07,21,1,8.05,US,1634141300
Acapulco de Juárez,16.8634,-99.8901,87.62,70,20,0.0,MX,1634141380
Araouane,18.9048,-3.5265,102.43,6,1,8.93,ML,1634141380
Ayan,56.45,138.1667,33.4,37,100,10.49,RU,1634141380
Ibirubá,-28.6275,-53.0897,77.97,60,100,13.69,BR,1634141381
Pacifica,37.6138,-122.4869,58.82,84,75,1.99,US,1634141353
Rafsanjān,30.4067,55.9939,72.28,12,0,4.61,IR,1634141353
Sumbe,-11.2061,13.8437,77.31,76,26,9.35,AO,1634141381
Fukuechō,32.6881,128.8419,74.57,83,18,19.91,JP,1634141381
Trincomalee,8.5711,81.2335,82.06,75,65,17.6,LK,1634141382
Deniliquin,-35.5333,144.9667,44.24,96,51,3.38,AU,1634141382
Moyo,3.6609,31.7247,67.55,86,100,2.75,UG,1634141382
Kurumkan,54.3,110.3,30.31,67,85,5.37,RU,1634141383
Salta,-24.7859,-65.4117,90.57,37,0,1.99,AR,1634141383
Fort-Shevchenko,44.5086,50.263,63.32,27,60,23.73,KZ,1634141383
Northam,51.0333,-4.2167,62.73,86,84,5.26,GB,1634141384
Praia da Vitória,38.7333,-27.0667,69.76,90,74,15.35,PT,1634141384
Phagwāra,31.2178,75.7694,76.71,39,0,6.24,IN,1634141384
Half Moon Bay,37.4636,-122.4286,58.98,72,40,0.0,US,1634141334
Mursalimkino,55.0379,58.5585,45.52,74,17,2.15,RU,1634141385
Piaçabuçu,-10.4056,-36.4344,85.1,61,3,15.46,BR,1634141385
Kysyl-Syr,63.8986,122.7617,17.1,99,95,2.19,RU,1634141385
Loreto,22.2667,-101.9667,68.25,51,100,16.8,MX,1634141386
Pilar,-9.5972,-35.9567,87.73,46,5,14.74,BR,1634141386
Sørland,67.667,12.6934,39.27,59,79,4.0,NO,1634141386
Waipawa,-41.4122,175.5153,44.02,74,100,17.45,NZ,1634141386
Ellisras,-23.6649,27.7443,86.58,11,0,6.46,ZA,1634141387
Skibbereen,51.55,-9.2667,57.0,80,57,6.51,IE,1634141387
Ariquemes,-9.9133,-63.0408,92.26,47,85,6.58,BR,1634141387
Varadero,23.1536,-81.2514,86.76,66,0,8.05,CU,1634141388
Mairana,-18.1167,-63.9333,79.83,44,100,11.83,BO,1634141388
San Ramon,37.7799,-121.978,57.51,69,75,1.01,US,1634141264
Korla,41.7597,86.1469,51.4,35,0,9.6,CN,1634141306
Pacific Grove,36.6177,-121.9166,57.42,75,75,3.0,US,1634141389
Udachny,66.4167,112.4,16.38,96,100,6.6,RU,1634141389
Goma,-1.6792,29.2228,68.72,74,87,2.89,CD,1634141389
Batemans Bay,-35.7167,150.1833,61.99,97,99,9.69,AU,1634141390
Constantine,36.365,6.6147,62.58,52,63,16.58,DZ,1634141217
Mama,58.3106,112.8986,20.46,91,100,1.57,RU,1634141390
Baiyin,36.5583,104.2081,47.23,36,100,7.31,CN,1634141390
Zhangaözen,43.3,52.8,58.82,20,72,23.04,KZ,1634141391
Saint Anthony,45.0205,-93.218,59.95,88,90,5.01,US,1634141391
Esim,4.8699,-2.2405,83.16,74,50,8.77,GH,1634141391
Herzberg,51.6869,13.2202,52.16,62,20,4.61,DE,1634141392
Dolores,-36.3132,-57.6792,64.17,80,100,5.23,AR,1634141392
Barillas,15.8036,-91.3158,79.14,51,94,3.78,GT,1634141392
Bam,29.106,58.357,71.73,9,0,1.92,IR,1634141393
Jambi City,-1.6,103.6167,75.58,95,86,3.24,ID,1634141393
Zhangjiakou Shi Xuanhua Qu,40.6103,115.0447,57.47,69,100,7.56,CN,1634141393
Dunedin,-45.8742,170.5036,45.81,74,99,5.01,NZ,1634141342
Brooks,50.5834,-111.8851,32.04,80,4,10.56,CA,1634141295
Kayamkulam,9.1833,76.5,78.82,83,84,3.58,IN,1634141394
Westport,41.1415,-73.3579,72.19,83,90,4.0,US,1634141394
Shīeli,44.1667,66.75,55.13,24,0,18.9,KZ,1634141395
Henderson,36.0397,-114.9819,58.24,32,1,10.36,US,1634140676
Irtyshskiy,58.3333,68.1333,42.28,91,30,4.41,RU,1634141395
Los Llanos de Aridane,28.6585,-17.9182,71.35,80,40,10.36,ES,1634141228
Rawson,-43.3002,-65.1023,67.15,35,68,1.54,AR,1634141396
Itarema,-2.9248,-39.9167,87.75,52,70,19.3,BR,1634141396
Dubbo,-32.25,148.6167,57.33,94,4,12.66,AU,1634141396
Viedma,-40.8135,-62.9967,81.48,28,0,13.0,AR,1634141308
Khor,47.8861,134.9464,48.22,62,100,6.87,RU,1634141397
Nassau,40.7507,-73.5829,71.78,70,90,1.01,US,1634141397
Pandrup,57.2215,9.6757,48.94,81,90,8.05,DK,1634141397
Juneau,58.3019,-134.4197,44.6,93,90,4.0,US,1634141199
Nur-Sultan,51.1801,71.446,42.75,75,0,4.47,KZ,1634141398
Euclides da Cunha,-10.5075,-39.0158,96.42,23,4,8.34,BR,1634141398
Gēdo,9.0167,37.45,53.92,85,71,2.33,ET,1634141398
Dovbysh,50.3733,27.9874,44.08,67,100,6.44,UA,1634141399
Mocajuba,-2.5842,-49.5072,96.24,39,35,4.81,BR,1634141399
Tilichiki,60.4667,166.1,24.3,67,100,9.06,RU,1634141399
Bulgan,48.8125,103.5347,34.16,52,29,4.99,MN,1634141400
Smidovich,48.6,133.8167,48.58,71,100,9.22,RU,1634141400
Woodward,36.4337,-99.3904,61.97,57,1,8.05,US,1634141401
Ubinskoye,55.3068,79.6802,35.33,99,100,5.3,RU,1634141401
Superior,46.7208,-92.1041,61.48,92,90,6.91,US,1634141402
Katherine,-14.4667,132.2667,80.92,74,83,5.75,AU,1634141403
Ol'ga,43.7444,135.2892,44.19,88,87,3.91,RU,1634141404
Kharagauli,42.0214,43.1977,59.36,54,16,4.72,GE,1634141404
Portree,57.4129,-6.1942,53.85,93,100,12.95,GB,1634141405
Grindavik,63.8424,-22.4338,43.27,75,20,25.32,IS,1634141173
Roald,62.5833,6.1333,48.34,87,75,14.97,NO,1634141406
Praia,14.9215,-23.5087,84.74,58,75,16.11,CV,1634141261
Ringebu,61.5167,10.1667,40.03,67,100,5.26,NO,1634141407
Moose Factory,51.2585,-80.6094,46.35,92,100,8.99,CA,1634141407
Maun,-19.9833,23.4167,87.73,6,0,6.24,BW,1634141407
Marfino,55.7028,37.3822,53.94,68,0,6.71,RU,1634141408
Rantepao,-2.9701,119.8978,67.68,97,72,2.59,ID,1634141409
Wajir,1.7471,40.0573,86.34,43,96,14.52,KE,1634141409
Alta Floresta,-9.8756,-56.0861,99.07,30,15,5.53,BR,1634141302
Tabas,33.5959,56.9244,70.97,9,2,3.51,IR,1634141409
Ostrovnoy,68.0531,39.5131,41.31,80,80,4.09,RU,1634141410
Sweetwater,25.7634,-80.3731,90.01,64,75,3.0,US,1634141410
Zyryanka,65.75,150.85,18.93,93,100,15.08,RU,1634141411
Livingston,55.9029,-3.5226,57.38,86,40,16.11,GB,1634141230
Koumac,-20.5667,164.2833,70.68,88,34,9.6,NC,1634141351
Sarlat-la-Canéda,44.889,1.2166,65.53,48,76,7.61,FR,1634141411
Solnechnyy,50.7214,136.6319,44.82,76,100,4.56,RU,1634141411
Tombouctou,20.0,-3.0,102.51,6,5,7.11,ML,1634141412
Starosubkhangulovo,53.1031,57.4423,44.64,71,14,2.73,RU,1634141412
Sitka,57.0531,-135.33,46.29,81,90,16.11,US,1634141121
Berlevåg,70.8578,29.0864,37.35,81,40,19.57,NO,1634141413
Toyooka,35.5333,134.8333,64.8,89,93,2.39,JP,1634141413
Fortuna,40.5982,-124.1573,50.86,70,90,4.0,US,1634141413
Riberalta,-10.9833,-66.1,100.51,32,26,6.55,BO,1634141414
Benguela,-12.5763,13.4055,77.29,73,18,8.43,AO,1634141414
Grand Gaube,-20.0064,57.6608,74.37,82,81,3.0,MU,1634141309
Oistins,13.0667,-59.5333,89.69,66,40,20.71,BB,1634141414
Batasan,12.7667,120.7833,80.82,79,100,2.73,PH,1634141415
San Juan Bautista Tuxtla,18.1,-96.1167,85.62,75,19,3.04,MX,1634141195
Mana,5.6592,-53.7767,88.88,57,72,10.33,GF,1634141415
Flinders,-34.5833,150.8552,65.21,89,100,1.99,AU,1634141226
Nogales,31.3086,-110.9422,58.71,32,1,0.0,MX,1634141415
Kaeo,-35.1,173.7833,47.32,86,0,6.06,NZ,1634141343
San Andrés,12.5847,-81.7006,86.02,74,40,8.05,CO,1634141416
Vanimo,-2.6741,141.3028,78.13,90,98,3.06,PG,1634141360
Hollins,37.3413,-79.9431,79.59,69,20,8.05,US,1634141416
Dingle,10.9995,122.6711,76.17,87,100,2.75,PH,1634141416
Santa Cruz de la Sierra,-17.8,-63.1667,89.06,55,75,31.07,BO,1634141255
Casma,-41.0082,-73.1244,51.4,99,100,7.27,CL,1634141417
Linxia Chengguanzhen,35.6003,103.2064,46.35,35,100,5.06,CN,1634141417
Coos Bay,43.3665,-124.2179,48.31,97,90,6.91,US,1634141418
Caucayá,-0.1934,-74.7819,92.21,48,41,2.17,CO,1634141418
Kyrylivka,46.3759,35.3675,58.46,93,95,7.11,UA,1634141418
Piteå,65.3172,21.4794,35.69,77,41,5.35,SE,1634141419
Trud,42.2333,24.7333,56.19,69,100,3.18,BG,1634141419
Thunder Bay,48.4001,-89.3168,60.3,86,94,8.23,CA,1634141419
Mūl,20.0667,79.6667,75.79,70,66,5.46,IN,1634141349
Sambava,-14.2667,50.1667,75.02,85,98,9.95,MG,1634141420
Omutninsk,58.67,52.1932,46.04,73,97,8.95,RU,1634141420
Havre-St-Pierre,50.2334,-63.5986,50.58,90,100,7.52,CA,1634141420
Mandalgovi,45.7625,106.2708,38.19,34,77,1.99,MN,1634141421
Bilma,18.6853,12.9164,96.04,9,69,6.85,NE,1634141421
Gorontalo,0.5412,123.0595,76.77,96,81,2.55,ID,1634141357
Zhicheng,30.2956,111.5047,66.18,64,100,6.49,CN,1634141421
Kathu,7.9178,98.3332,84.69,95,99,18.43,TH,1634141422
Pochutla,15.7432,-96.4661,90.82,61,76,3.13,MX,1634141422
Khandyga,62.6667,135.6,17.24,91,93,1.77,RU,1634141422
Sterling,39.0062,-77.4286,73.26,83,75,7.0,US,1634141369
Neiafu,-18.65,-173.9833,65.08,94,20,0.0,TO,1634141423
Paamiut,61.994,-49.6678,38.12,81,9,1.88,GL,1634141423
Ossora,59.2353,163.0719,31.75,75,69,6.31,RU,1634141423
Sabha,27.0377,14.4283,78.6,20,0,6.31,LY,1634141424
Somerset East,-32.7217,25.588,88.81,9,99,15.37,ZA,1634141424
Pushkino,56.0172,37.8667,54.09,78,100,6.4,RU,1634141424
Koshki,54.2091,50.4677,49.03,53,75,10.16,RU,1634141425
Jiexiu,37.0244,111.9125,59.05,72,39,6.93,CN,1634141425
Pontes e Lacerda,-15.2261,-59.3353,102.33,27,84,9.82,BR,1634141425
Dobryanka,58.4619,56.4165,49.86,83,98,5.08,RU,1634141425
Hobyo,5.3505,48.5268,79.23,81,100,21.63,SO,1634141426
Marsá Maţrūḩ,31.3525,27.2453,75.15,72,9,10.65,EG,1634141426
San Rafael,-34.6177,-68.3301,72.25,23,0,8.57,AR,1634141350
Erzin,36.9559,36.2,75.92,68,78,2.04,TR,1634141427
Emba,48.8264,58.1442,47.23,26,3,10.36,KZ,1634141356
Caravelas,-17.7125,-39.2481,76.91,81,90,5.55,BR,1634141427
Kathmandu,27.7167,85.3167,70.02,88,20,2.3,NP,1634141197
Baculin,7.4525,126.5842,80.46,84,100,4.74,PH,1634141427
Gladstone,-23.85,151.25,73.33,83,90,9.22,AU,1634141428
Tonj,7.2737,28.6822,72.46,92,100,3.91,SS,1634141428
Tynda,55.1667,124.7167,23.49,50,100,12.28,RU,1634141428
Thinadhoo,0.5333,72.9333,83.12,76,44,17.63,MV,1634141429
Al'met'yevsk,54.9044,52.3154,48.9,57,99,6.38,RU,1634141429
Brownsville,25.9018,-97.4975,88.92,75,75,5.99,US,1634141310
Ahmadpur Sial,30.6754,71.7483,82.27,16,0,4.18,PK,1634141429
Luwuk,-0.9516,122.7875,78.69,84,74,2.46,ID,1634141430
Saint-Pierre,-21.3393,55.4781,74.88,85,75,5.75,RE,1634141430
Storm Lake,42.6411,-95.2097,58.69,100,75,16.11,US,1634141430
Ayna,-12.65,-73.9167,79.12,50,86,6.11,PE,1634141431
High Level,58.5169,-117.136,38.21,64,30,6.58,CA,1634141318
Fare,-16.7,-151.0167,80.31,77,100,15.93,PF,1634141431
Constitución,-35.3333,-72.4167,58.33,69,92,6.73,CL,1634141431
Warri,5.5167,5.75,80.53,83,92,6.93,NG,1634141432
Kralendijk,12.15,-68.2667,89.58,70,40,13.8,BQ,1634141432
Porto-Novo,6.4965,2.6036,85.39,69,61,10.49,BJ,1634141432
Gander,48.9682,-54.5906,42.93,93,90,18.01,CA,1634141433
Port-Cartier,50.0334,-66.8654,53.74,93,99,6.78,CA,1634141433
Bodh Gaya,24.7,84.9833,76.91,71,4,3.15,IN,1634141433
Morwa,22.9,73.8333,82.98,48,8,3.76,IN,1634141434
Yokadouma,3.5167,15.05,81.57,67,100,2.59,CM,1634141434
São José da Coroa Grande,-8.8978,-35.1478,82.35,64,86,11.41,BR,1634141434
Kholodnyy,62.7167,147.95,12.52,97,99,2.39,RU,1634141435
Urucará,-2.5364,-57.76,104.92,26,22,0.81,BR,1634141435
Muros,42.7762,-9.0603,82.69,51,0,1.79,ES,1634141435
Bani Walid,31.7566,13.9942,82.42,22,22,9.15,LY,1634141358
Cap Malheureux,-19.9842,57.6142,74.46,82,81,1.99,MU,1634141436
Inírida,3.8653,-67.9239,90.0,61,40,0.83,CO,1634141436
Tucumcari,35.1717,-103.725,55.24,33,1,14.97,US,1634141436
Moerai,-22.4333,-151.3333,77.54,84,99,21.14,PF,1634141347
Porto Santo,33.072,-16.3415,75.11,60,20,9.22,PT,1634141437
Norsup,-16.0667,167.3833,78.3,85,80,5.86,VU,1634141437
Grants Pass,42.439,-123.3284,47.71,92,90,1.01,US,1634141437
Severodvinsk,64.5635,39.8302,42.91,93,100,7.52,RU,1634141438
Chongwe,-15.3292,28.682,79.14,17,0,9.15,ZM,1634141438
Yerbogachën,61.2767,108.0108,20.5,68,100,3.29,RU,1634141438
